,,Value,Symbol
Total area of the country (excl. coastal water),Afghanistan,65286.0,X
Cultivated area (arable land + permanent crops),Afghanistan,7790.0,X
Total population,Afghanistan,19357.126,X
Rural population,Afghanistan,14373.573,X
Urban population,Afghanistan,4008.032,X
GDP per capita,Afghanistan,164.092893,X
Total area of the country (excl. coastal water),Albania,2875.0,X
Cultivated area (arable land + permanent crops),Albania,700.0,X
Total population,Albania,3099.752,X
Rural population,Albania,1854.74,X
Urban population,Albania,1238.301,X
Gross Domestic Product (GDP),Albania,2224654241.0,X
GDP per capita,Albania,719.244989,X
"Agriculture, value added (% GDP)",Albania,31.543343,X
Total area of the country (excl. coastal water),Algeria,238174.0,X
Cultivated area (arable land + permanent crops),Algeria,8159.0,X
Total population,Algeria,29742.979,X
Rural population,Algeria,12688.632,X
Urban population,Algeria,17198.207,X
Gross Domestic Product (GDP),Algeria,48068457028.0,X
GDP per capita,Algeria,1608.348646,X
"Agriculture, value added (% GDP)",Algeria,8.839552,X
Total area of the country (excl. coastal water),Andorra,47.0,X
Cultivated area (arable land + permanent crops),Andorra,1.0,X
Total population,Andorra,64.327,X
Rural population,Andorra,4.387,X
Urban population,Andorra,59.94,X
Gross Domestic Product (GDP),Andorra,1493901088.0,X
GDP per capita,Andorra,23223.546684,X
"Agriculture, value added (% GDP)",Andorra,0.352469,X
Total area of the country (excl. coastal water),Angola,124670.0,X
Cultivated area (arable land + permanent crops),Angola,3500.0,X
Total population,Angola,14871.57,X
Rural population,Angola,8068.783,X
Urban population,Angola,7020.198,X
Gross Domestic Product (GDP),Angola,10226790656.0,X
GDP per capita,Angola,677.765494,X
"Agriculture, value added (% GDP)",Angola,9.018265,X
Total area of the country (excl. coastal water),Antigua and Barbuda,44.0,X
Cultivated area (arable land + permanent crops),Antigua and Barbuda,5.0,X
Total population,Antigua and Barbuda,71.704,X
Rural population,Antigua and Barbuda,51.913,X
Urban population,Antigua and Barbuda,25.826,X
Gross Domestic Product (GDP),Antigua and Barbuda,680618519.0,X
GDP per capita,Antigua and Barbuda,8755.174604,X
"Agriculture, value added (% GDP)",Antigua and Barbuda,1.718978,X
Total area of the country (excl. coastal water),Argentina,278040.0,X
Cultivated area (arable land + permanent crops),Argentina,28335.0,X
Total population,Argentina,35657.429,X
Rural population,Argentina,4097.995,X
Urban population,Argentina,31735.974,X
Gross Domestic Product (GDP),Argentina,317532579013.0,X
GDP per capita,Argentina,8861.217104,X
"Agriculture, value added (% GDP)",Argentina,4.527197,X
Total area of the country (excl. coastal water),Armenia,2974.0,X
Cultivated area (arable land + permanent crops),Armenia,498.0,X
Total population,Armenia,3133.089,X
Rural population,Armenia,1080.782,X
Urban population,Armenia,2052.304,X
Gross Domestic Product (GDP),Armenia,1747514993.0,X
GDP per capita,Armenia,557.761578,X
"Agriculture, value added (% GDP)",Armenia,27.567149,X
Total area of the country (excl. coastal water),Australia,774122.0,X
Cultivated area (arable land + permanent crops),Australia,21133.0,X
Total population,Australia,18387.214,X
Rural population,Australia,2837.374,X
Urban population,Australia,15630.214,X
Gross Domestic Product (GDP),Australia,436474491235.0,X
GDP per capita,Australia,23634.623603,X
"Agriculture, value added (% GDP)",Australia,3.038954,X
Total area of the country (excl. coastal water),Austria,8388.0,X
Cultivated area (arable land + permanent crops),Austria,1479.0,X
Total population,Austria,8032.876,X
Rural population,Austria,3129.222,X
Urban population,Austria,4903.654,X
Gross Domestic Product (GDP),Austria,212786266750.0,X
GDP per capita,Austria,26489.425051,X
Total area of the country (excl. coastal water),Azerbaijan,8660.0,X
Cultivated area (arable land + permanent crops),Azerbaijan,2062.0,X
Total population,Azerbaijan,7925.668,X
Rural population,Azerbaijan,3837.012,X
Urban population,Azerbaijan,4088.657,X
Gross Domestic Product (GDP),Azerbaijan,3962337296.0,X
GDP per capita,Azerbaijan,499.937267,X
Total area of the country (excl. coastal water),Bahamas,1388.0,X
Cultivated area (arable land + permanent crops),Bahamas,10.0,X
Total population,Bahamas,287.358,X
Rural population,Bahamas,53.388,X
Urban population,Bahamas,233.582,X
Gross Domestic Product (GDP),Bahamas,6332400000.0,X
GDP per capita,Bahamas,22066.418092,X
"Agriculture, value added (% GDP)",Bahamas,1.561809,X
Total area of the country (excl. coastal water),Bahrain,71.0,X
Cultivated area (arable land + permanent crops),Bahrain,5.0,X
Total population,Bahrain,594.931,X
Rural population,Bahrain,69.119,X
Urban population,Bahrain,525.811,X
Gross Domestic Product (GDP),Bahrain,7315426213.0,X
GDP per capita,Bahrain,12296.280592,X
"Agriculture, value added (% GDP)",Bahrain,0.730883,X
Total area of the country (excl. coastal water),Bangladesh,14846.0,X
Cultivated area (arable land + permanent crops),Bangladesh,8765.0,X
Total population,Bangladesh,120160.564,X
Rural population,Bangladesh,96063.558,X
Urban population,Bangladesh,27791.082,X
Gross Domestic Product (GDP),Bangladesh,41169352757.0,X
GDP per capita,Bangladesh,332.400569,X
"Agriculture, value added (% GDP)",Bangladesh,24.73019,X
Total area of the country (excl. coastal water),Barbados,43.0,X
Cultivated area (arable land + permanent crops),Barbados,17.0,X
Total population,Barbados,268.187,X
Rural population,Barbados,173.9,X
Urban population,Barbados,93.045,X
Gross Domestic Product (GDP),Barbados,2588836721.0,X
GDP per capita,Barbados,9698.0154,X
"Agriculture, value added (% GDP)",Barbados,2.593829,X
Total area of the country (excl. coastal water),Belarus,20760.0,X
Cultivated area (arable land + permanent crops),Belarus,6319.0,X
Total population,Belarus,10009.394,X
Rural population,Belarus,3154.192,X
Urban population,Belarus,6918.869,X
Gross Domestic Product (GDP),Belarus,14574579172.0,X
GDP per capita,Belarus,1446.886817,X
"Agriculture, value added (% GDP)",Belarus,13.031365,X
Total population,Belgium,10193.0,X
Urban population,Belgium,9814.0,X
Gross Domestic Product (GDP),Belgium,252704748890.0,X
GDP per capita,Belgium,24717.328271,X
"Agriculture, value added (% GDP)",Belgium,1.340821,X
Total area of the country (excl. coastal water),Belize,2297.0,X
Cultivated area (arable land + permanent crops),Belize,98.0,X
Total population,Belize,221.58,X
Rural population,Belize,119.66,X
Urban population,Belize,101.946,X
Gross Domestic Product (GDP),Belize,654314354.0,X
GDP per capita,Belize,2952.602159,X
"Agriculture, value added (% GDP)",Belize,14.939302,X
Total area of the country (excl. coastal water),Benin,11476.0,X
Cultivated area (arable land + permanent crops),Benin,2340.0,X
Total population,Benin,6281.639,X
Rural population,Benin,3933.275,X
Urban population,Benin,2348.364,X
Gross Domestic Product (GDP),Benin,2451384217.0,X
GDP per capita,Benin,390.245956,X
"Agriculture, value added (% GDP)",Benin,23.190035,X
Total area of the country (excl. coastal water),Bhutan,4008.0,X
Cultivated area (arable land + permanent crops),Bhutan,172.0,X
Total population,Bhutan,551.709,X
Rural population,Bhutan,410.306,X
Urban population,Bhutan,118.448,X
Gross Domestic Product (GDP),Bhutan,356322548.0,X
GDP per capita,Bhutan,673.890974,X
"Agriculture, value added (% GDP)",Bhutan,31.051355,X
Total area of the country (excl. coastal water),Bolivia (Plurinational State of),109858.0,X
Cultivated area (arable land + permanent crops),Bolivia (Plurinational State of),3043.0,X
Total population,Bolivia (Plurinational State of),7937.458,X
Rural population,Bolivia (Plurinational State of),3131.687,X
Urban population,Bolivia (Plurinational State of),4739.168,X
Gross Domestic Product (GDP),Bolivia (Plurinational State of),7925736316.0,X
GDP per capita,Bolivia (Plurinational State of),1006.972726,X
"Agriculture, value added (% GDP)",Bolivia (Plurinational State of),14.918259,X
Total area of the country (excl. coastal water),Bosnia and Herzegovina,5121.0,X
Cultivated area (arable land + permanent crops),Bosnia and Herzegovina,1015.0,X
Total population,Bosnia and Herzegovina,3736.07,X
Rural population,Bosnia and Herzegovina,2197.363,X
Urban population,Bosnia and Herzegovina,1555.068,X
Gross Domestic Product (GDP),Bosnia and Herzegovina,3879200611.0,X
GDP per capita,Bosnia and Herzegovina,1033.783329,X
"Agriculture, value added (% GDP)",Bosnia and Herzegovina,17.518046,X
Total area of the country (excl. coastal water),Botswana,58173.0,X
Cultivated area (arable land + permanent crops),Botswana,301.0,X
Total population,Botswana,1540.425,X
Rural population,Botswana,807.729,X
Urban population,Botswana,829.906,X
Gross Domestic Product (GDP),Botswana,5020265168.0,X
GDP per capita,Botswana,3065.558057,X
"Agriculture, value added (% GDP)",Botswana,3.542706,X
Total area of the country (excl. coastal water),Brazil,851577.0,X
Cultivated area (arable land + permanent crops),Brazil,52011.0,X
Total population,Brazil,167209.04,X
Rural population,Brazil,35104.713,X
Urban population,Brazil,132440.451,X
Gross Domestic Product (GDP),Brazil,881512355620.0,X
GDP per capita,Brazil,5261.341686,X
"Agriculture, value added (% GDP)",Brazil,4.600884,X
Total area of the country (excl. coastal water),Brunei Darussalam,577.0,X
Cultivated area (arable land + permanent crops),Brunei Darussalam,6.0,X
Total population,Brunei Darussalam,311.958,X
Rural population,Brunei Darussalam,94.653,X
Urban population,Brunei Darussalam,217.385,X
Gross Domestic Product (GDP),Brunei Darussalam,5758127022.0,X
GDP per capita,Brunei Darussalam,18453.28781,X
"Agriculture, value added (% GDP)",Brunei Darussalam,1.187956,X
Total area of the country (excl. coastal water),Bulgaria,11099.0,X
Cultivated area (arable land + permanent crops),Bulgaria,4497.0,X
Total population,Bulgaria,8211.814,X
Rural population,Bulgaria,2608.765,X
Urban population,Bulgaria,5602.961,X
Gross Domestic Product (GDP),Bulgaria,11316151824.0,X
GDP per capita,Bulgaria,1378.047907,X
"Agriculture, value added (% GDP)",Bulgaria,20.476661,X
Total area of the country (excl. coastal water),Burkina Faso,27422.0,X
Cultivated area (arable land + permanent crops),Burkina Faso,3850.0,X
Total population,Burkina Faso,10665.546,X
Rural population,Burkina Faso,8972.419,X
Urban population,Burkina Faso,1693.127,X
Gross Domestic Product (GDP),Burkina Faso,2781167908.0,X
GDP per capita,Burkina Faso,260.761888,X
"Agriculture, value added (% GDP)",Burkina Faso,27.780888,X
Total area of the country (excl. coastal water),Burundi,2783.0,X
Cultivated area (arable land + permanent crops),Burundi,1310.0,X
Total population,Burundi,6122.13,X
Rural population,Burundi,5646.459,X
Urban population,Burundi,465.638,X
Gross Domestic Product (GDP),Burundi,972854234.0,X
GDP per capita,Burundi,159.168651,X
"Agriculture, value added (% GDP)",Burundi,48.443522,X
Total area of the country (excl. coastal water),Cabo Verde,403.0,X
Cultivated area (arable land + permanent crops),Cabo Verde,47.0,X
Total population,Cabo Verde,404.259,X
Rural population,Cabo Verde,201.486,X
Urban population,Cabo Verde,206.689,X
Gross Domestic Product (GDP),Cabo Verde,561064843.0,X
GDP per capita,Cabo Verde,1374.569347,X
"Agriculture, value added (% GDP)",Cabo Verde,13.765196,X
Total area of the country (excl. coastal water),Cambodia,18104.0,X
Cultivated area (arable land + permanent crops),Cambodia,3830.0,X
Total population,Cambodia,11298.6,X
Rural population,Cambodia,9255.807,X
Urban population,Cambodia,2040.073,X
Gross Domestic Product (GDP),Cambodia,3443471826.0,X
GDP per capita,Cambodia,304.843166,X
"Agriculture, value added (% GDP)",Cambodia,44.447213,X
Total area of the country (excl. coastal water),Cameroon,47544.0,X
Cultivated area (arable land + permanent crops),Cameroon,7160.0,X
Total population,Cameroon,14344.449,X
Rural population,Cameroon,7967.381,X
Urban population,Cameroon,6198.042,X
Gross Domestic Product (GDP),Cameroon,9868797593.0,X
GDP per capita,Cameroon,696.682167,X
"Agriculture, value added (% GDP)",Cameroon,16.911769,X
Total area of the country (excl. coastal water),Canada,998467.0,X
Cultivated area (arable land + permanent crops),Canada,41207.0,X
Total population,Canada,29742.382,X
Rural population,Canada,6477.047,X
Urban population,Canada,23426.103,X
GDP per capita,Canada,21903.396806,X
Total area of the country (excl. coastal water),Central African Republic,62298.0,X
Cultivated area (arable land + permanent crops),Central African Republic,2023.0,X
Total population,Central African Republic,3392.436,X
Rural population,Central African Republic,2202.057,X
Urban population,Central African Republic,1315.252,X
Gross Domestic Product (GDP),Central African Republic,981149098.0,X
GDP per capita,Central African Republic,278.948792,X
"Agriculture, value added (% GDP)",Central African Republic,42.722225,X
Total area of the country (excl. coastal water),Chad,128400.0,X
Cultivated area (arable land + permanent crops),Chad,3630.0,X
Total population,Chad,7503.493,X
Rural population,Chad,5879.339,X
Urban population,Chad,1613.912,X
Gross Domestic Product (GDP),Chad,1754815782.0,X
GDP per capita,Chad,234.186174,X
"Agriculture, value added (% GDP)",Chad,34.90297,X
Total area of the country (excl. coastal water),Chile,75610.0,X
Cultivated area (arable land + permanent crops),Chile,2297.0,X
Total population,Chile,14786.22,X
Rural population,Chile,2178.978,X
Urban population,Chile,12515.857,X
Gross Domestic Product (GDP),Chile,86298816404.0,X
GDP per capita,Chile,5872.731229,X
"Agriculture, value added (% GDP)",Chile,4.949695,X
Total area of the country (excl. coastal water),China,960000.0,X
Cultivated area (arable land + permanent crops),China,130910.25,X
Total population,China,1290305.591,X
Rural population,China,851706.035,X
Urban population,China,435602.481,X
Gross Domestic Product (GDP),China,1146165922473.0,X
GDP per capita,China,905.469488,X
Total area of the country (excl. coastal water),Colombia,114175.0,X
Cultivated area (arable land + permanent crops),Colombia,4257.0,X
Total population,Colombia,37723.8,X
Rural population,Colombia,10564.799,X
Urban population,Colombia,28080.612,X
GDP per capita,Colombia,3259.970188,X
Total area of the country (excl. coastal water),Comoros,186.1,X
Cultivated area (arable land + permanent crops),Comoros,111.0,X
Total population,Comoros,501.953,X
Rural population,Comoros,360.339,X
Urban population,Comoros,141.614,X
Gross Domestic Product (GDP),Comoros,441914506.0,X
GDP per capita,Comoros,880.390209,X
"Agriculture, value added (% GDP)",Comoros,30.360116,X
Total area of the country (excl. coastal water),Congo,34200.0,X
Cultivated area (arable land + permanent crops),Congo,536.0,X
Total population,Congo,2867.28,X
Rural population,Congo,1265.0,X
Urban population,Congo,1697.47,X
Gross Domestic Product (GDP),Congo,2423022486.0,X
GDP per capita,Congo,817.906168,X
"Agriculture, value added (% GDP)",Congo,11.107255,X
Total area of the country (excl. coastal water),Cook Islands,24.0,X
Cultivated area (arable land + permanent crops),Cook Islands,5.0,X
Total population,Cook Islands,18.658,X
Rural population,Cook Islands,7.459,X
Urban population,Cook Islands,11.11,X
Gross Domestic Product (GDP),Cook Islands,107142124.0,X
GDP per capita,Cook Islands,5769.945843,X
"Agriculture, value added (% GDP)",Cook Islands,5.696395,X
Total area of the country (excl. coastal water),Costa Rica,5110.0,X
Cultivated area (arable land + permanent crops),Costa Rica,490.0,X
Total population,Costa Rica,3718.949,X
Rural population,Costa Rica,1606.869,X
Urban population,Costa Rica,2075.856,X
Gross Domestic Product (GDP),Costa Rica,12552206400.0,X
GDP per capita,Costa Rica,3408.401768,X
"Agriculture, value added (% GDP)",Costa Rica,12.565378,X
Total area of the country (excl. coastal water),Croatia,5661.0,X
Cultivated area (arable land + permanent crops),Croatia,1108.0,X
Total population,Croatia,4532.401,X
Rural population,Croatia,2142.075,X
Urban population,Croatia,2390.324,X
Gross Domestic Product (GDP),Croatia,23854869152.0,X
GDP per capita,Croatia,5263.188248,X
"Agriculture, value added (% GDP)",Croatia,5.280707,X
Total area of the country (excl. coastal water),Cuba,10989.0,X
Cultivated area (arable land + permanent crops),Cuba,4184.0,X
Total population,Cuba,10989.732,X
Rural population,Cuba,2795.53,X
Urban population,Cuba,8218.453,X
Gross Domestic Product (GDP),Cuba,25364500000.0,X
GDP per capita,Cuba,2302.936186,X
"Agriculture, value added (% GDP)",Cuba,7.18721,X
Total area of the country (excl. coastal water),Cyprus,925.0,X
Cultivated area (arable land + permanent crops),Cyprus,141.1,X
Total population,Cyprus,891.19,X
Rural population,Cyprus,282.661,X
Urban population,Cyprus,608.531,X
Gross Domestic Product (GDP),Cyprus,9536405414.0,X
GDP per capita,Cyprus,14224.948409,X
"Agriculture, value added (% GDP)",Cyprus,3.920749,X
Total area of the country (excl. coastal water),Czechia,7887.0,X
Cultivated area (arable land + permanent crops),Czechia,3327.0,X
Total population,Czechia,10338.339,X
Rural population,Czechia,2648.516,X
Urban population,Czechia,7690.077,X
GDP per capita,Czechia,5976.878919,X
Total area of the country (excl. coastal water),Côte d’Ivoire,32246.0,X
Cultivated area (arable land + permanent crops),Côte d’Ivoire,6700.0,X
Total population,Côte d’Ivoire,15130.663,X
Rural population,Côte d’Ivoire,8964.306,X
Urban population,Côte d’Ivoire,6481.68,X
Gross Domestic Product (GDP),Côte d’Ivoire,11722143261.0,X
GDP per capita,Côte d’Ivoire,758.911944,X
"Agriculture, value added (% GDP)",Côte d’Ivoire,23.107765,X
Total area of the country (excl. coastal water),Democratic People's Republic of Korea,12054.0,X
Cultivated area (arable land + permanent crops),Democratic People's Republic of Korea,2500.0,X
Total population,Democratic People's Republic of Korea,22335.267,X
Rural population,Democratic People's Republic of Korea,9118.285,X
Urban population,Democratic People's Republic of Korea,13217.353,X
Gross Domestic Product (GDP),Democratic People's Republic of Korea,10322790698.0,X
GDP per capita,Democratic People's Republic of Korea,461.766526,X
"Agriculture, value added (% GDP)",Democratic People's Republic of Korea,28.934606,X
Total area of the country (excl. coastal water),Democratic Republic of the Congo,234486.0,X
Cultivated area (arable land + permanent crops),Democratic Republic of the Congo,7600.0,X
Total population,Democratic Republic of the Congo,43827.18,X
Rural population,Democratic Republic of the Congo,29040.816,X
Urban population,Democratic Republic of the Congo,14789.33,X
Gross Domestic Product (GDP),Democratic Republic of the Congo,9419104879.0,X
GDP per capita,Democratic Republic of the Congo,214.900148,X
"Agriculture, value added (% GDP)",Democratic Republic of the Congo,47.500001,X
Total area of the country (excl. coastal water),Denmark,4309.0,X
Cultivated area (arable land + permanent crops),Denmark,2373.0,X
Total population,Denmark,5277.711,X
Rural population,Denmark,789.927,X
Urban population,Denmark,4487.784,X
Gross Domestic Product (GDP),Denmark,173538660938.0,X
GDP per capita,Denmark,32881.425477,X
"Agriculture, value added (% GDP)",Denmark,2.637138,X
Total area of the country (excl. coastal water),Djibouti,2320.0,X
Cultivated area (arable land + permanent crops),Djibouti,1.0,X
Total population,Djibouti,660.863,X
Rural population,Djibouti,156.032,X
Urban population,Djibouti,504.921,X
Gross Domestic Product (GDP),Djibouti,491155238.0,X
GDP per capita,Djibouti,743.101609,X
"Agriculture, value added (% GDP)",Djibouti,3.139634,X
Total area of the country (excl. coastal water),Dominica,75.0,X
Cultivated area (arable land + permanent crops),Dominica,15.0,X
Total population,Dominica,70.599,X
Rural population,Dominica,24.76,X
Urban population,Dominica,45.993,X
GDP per capita,Dominica,4104.426259,X
Total area of the country (excl. coastal water),Dominican Republic,4867.0,X
Cultivated area (arable land + permanent crops),Dominican Republic,1300.0,X
Total population,Dominican Republic,8084.407,X
Rural population,Dominican Republic,3324.487,X
Urban population,Dominican Republic,4838.985,X
Gross Domestic Product (GDP),Dominican Republic,19653241406.0,X
GDP per capita,Dominican Republic,2407.461115,X
"Agriculture, value added (% GDP)",Dominican Republic,9.144299,X
Total area of the country (excl. coastal water),Ecuador,28356.0,X
Cultivated area (arable land + permanent crops),Ecuador,3004.0,X
Total population,Ecuador,11951.452,X
Rural population,Ecuador,4914.933,X
Urban population,Ecuador,7010.06,X
Gross Domestic Product (GDP),Ecuador,28147972000.0,X
GDP per capita,Ecuador,2360.418325,X
"Agriculture, value added (% GDP)",Ecuador,20.108774,X
Total area of the country (excl. coastal water),Egypt,100145.0,X
Cultivated area (arable land + permanent crops),Egypt,3244.92,X
Total population,Egypt,64892.27,X
Rural population,Egypt,37932.213,X
Urban population,Egypt,28218.904,X
Gross Domestic Product (GDP),Egypt,81571756042.0,X
GDP per capita,Egypt,1233.1123,X
"Agriculture, value added (% GDP)",Egypt,13.315672,X
Total area of the country (excl. coastal water),El Salvador,2104.0,X
Cultivated area (arable land + permanent crops),El Salvador,816.0,X
Total population,El Salvador,5746.284,X
Rural population,El Salvador,2489.44,X
Urban population,El Salvador,3238.315,X
Gross Domestic Product (GDP),El Salvador,10221705880.0,X
GDP per capita,El Salvador,1784.592023,X
"Agriculture, value added (% GDP)",El Salvador,10.914557,X
Total area of the country (excl. coastal water),Equatorial Guinea,2805.0,X
Cultivated area (arable land + permanent crops),Equatorial Guinea,230.0,X
Total population,Equatorial Guinea,536.46,X
Rural population,Equatorial Guinea,305.579,X
Urban population,Equatorial Guinea,239.057,X
Gross Domestic Product (GDP),Equatorial Guinea,653628167.0,X
GDP per capita,Equatorial Guinea,1200.119285,X
"Agriculture, value added (% GDP)",Equatorial Guinea,5.045949,X
Total area of the country (excl. coastal water),Eritrea,11760.0,X
Cultivated area (arable land + permanent crops),Eritrea,393.0,X
Total population,Eritrea,2195.179,X
Rural population,Eritrea,2399.845,X
Urban population,Eritrea,761.505,X
Gross Domestic Product (GDP),Eritrea,782065820.0,X
GDP per capita,Eritrea,247.383498,X
"Agriculture, value added (% GDP)",Eritrea,15.127757,X
Total area of the country (excl. coastal water),Estonia,4523.0,X
Cultivated area (arable land + permanent crops),Estonia,900.0,X
Total population,Estonia,1409.673,X
Rural population,Estonia,423.989,X
Urban population,Estonia,985.685,X
GDP per capita,Estonia,3651.680571,X
"Agriculture, value added (% GDP)",Estonia,4.094059,X
Total area of the country (excl. coastal water),Eswatini,1736.0,X
Cultivated area (arable land + permanent crops),Eswatini,191.0,X
Total population,Eswatini,963.426,X
Rural population,Eswatini,772.258,X
Urban population,Eswatini,231.737,X
Gross Domestic Product (GDP),Eswatini,1927098015.0,X
GDP per capita,Eswatini,1919.429893,X
"Agriculture, value added (% GDP)",Eswatini,8.543769,X
Total area of the country (excl. coastal water),Ethiopia,110430.0,X
Cultivated area (arable land + permanent crops),Ethiopia,10492.0,X
Total population,Ethiopia,60697.443,X
Rural population,Ethiopia,52326.119,X
Urban population,Ethiopia,8650.331,X
Gross Domestic Product (GDP),Ethiopia,8521562903.0,X
GDP per capita,Ethiopia,139.751706,X
"Agriculture, value added (% GDP)",Ethiopia,52.853513,X
Total area of the country (excl. coastal water),Faroe Islands,139.6,X
Cultivated area (arable land + permanent crops),Faroe Islands,3.0,X
Total population,Faroe Islands,45.796,X
Rural population,Faroe Islands,29.899,X
Urban population,Faroe Islands,16.352,X
Total area of the country (excl. coastal water),Fiji,1827.0,X
Cultivated area (arable land + permanent crops),Fiji,265.0,X
Total population,Fiji,792.736,X
Rural population,Fiji,422.342,X
Urban population,Fiji,370.518,X
Gross Domestic Product (GDP),Fiji,2123496140.0,X
GDP per capita,Fiji,2678.273768,X
"Agriculture, value added (% GDP)",Fiji,14.303977,X
Total area of the country (excl. coastal water),Finland,33815.0,X
Cultivated area (arable land + permanent crops),Finland,2128.7,X
Total population,Finland,5151.746,X
Rural population,Finland,954.82,X
Urban population,Finland,4196.926,X
Gross Domestic Product (GDP),Finland,126906819427.0,X
GDP per capita,Finland,24633.749301,X
"Agriculture, value added (% GDP)",Finland,3.423069,X
Total area of the country (excl. coastal water),France,54909.0,X
Cultivated area (arable land + permanent crops),France,19420.9,X
Total population,France,58220.659,X
Rural population,France,14544.158,X
Urban population,France,44219.237,X
Gross Domestic Product (GDP),France,1452888333012.0,X
GDP per capita,France,24002.669557,X
"Agriculture, value added (% GDP)",France,2.344256,X
Total area of the country (excl. coastal water),Gabon,26767.0,X
Cultivated area (arable land + permanent crops),Gabon,495.0,X
Total population,Gabon,1141.338,X
Rural population,Gabon,268.565,X
Urban population,Gabon,873.759,X
Gross Domestic Product (GDP),Gabon,5951611064.0,X
GDP per capita,Gabon,5210.090188,X
"Agriculture, value added (% GDP)",Gabon,6.037792,X
Total area of the country (excl. coastal water),Gambia,1130.0,X
Cultivated area (arable land + permanent crops),Gambia,210.0,X
Total population,Gambia,1200.526,X
Rural population,Gambia,618.743,X
Urban population,Gambia,509.426,X
Gross Domestic Product (GDP),Gambia,1335580140.0,X
GDP per capita,Gambia,1183.847579,X
"Agriculture, value added (% GDP)",Gambia,24.147725,X
Total area of the country (excl. coastal water),Georgia,6970.0,X
Cultivated area (arable land + permanent crops),Georgia,1063.0,X
Total population,Georgia,4709.607,X
Rural population,Georgia,2276.602,X
Urban population,Georgia,2604.646,X
Gross Domestic Product (GDP),Georgia,3693015456.0,X
GDP per capita,Georgia,756.571978,X
"Agriculture, value added (% GDP)",Georgia,31.937387,X
Total area of the country (excl. coastal water),Germany,35703.0,X
Cultivated area (arable land + permanent crops),Germany,12060.0,X
Total population,Germany,81399.251,X
Rural population,Germany,20910.931,X
Urban population,Germany,60588.935,X
Gross Domestic Product (GDP),Germany,2211967994783.0,X
GDP per capita,Germany,27140.756216,X
"Agriculture, value added (% GDP)",Germany,1.031385,X
Total area of the country (excl. coastal water),Ghana,23854.0,X
Cultivated area (arable land + permanent crops),Ghana,5300.0,X
Total population,Ghana,17908.985,X
Rural population,Ghana,10273.998,X
Urban population,Ghana,7334.814,X
Gross Domestic Product (GDP),Ghana,14618192883.0,X
GDP per capita,Ghana,830.163493,X
"Agriculture, value added (% GDP)",Ghana,27.462375,X
Total area of the country (excl. coastal water),Greece,13196.0,X
Cultivated area (arable land + permanent crops),Greece,3885.0,X
Total population,Greece,10906.257,X
Rural population,Greece,3029.834,X
Urban population,Greece,7931.289,X
Gross Domestic Product (GDP),Greece,143149799676.0,X
GDP per capita,Greece,13059.774959,X
"Agriculture, value added (% GDP)",Greece,6.241636,X
Total area of the country (excl. coastal water),Grenada,34.0,X
Cultivated area (arable land + permanent crops),Grenada,10.0,X
Total population,Grenada,101.567,X
Rural population,Grenada,65.771,X
Urban population,Grenada,35.351,X
Gross Domestic Product (GDP),Grenada,321228881.0,X
GDP per capita,Grenada,3176.646834,X
"Agriculture, value added (% GDP)",Grenada,6.637381,X
Total area of the country (excl. coastal water),Guatemala,10889.0,X
Cultivated area (arable land + permanent crops),Guatemala,1920.0,X
Total population,Guatemala,10887.634,X
Rural population,Guatemala,6061.866,X
Urban population,Guatemala,4825.768,X
GDP per capita,Guatemala,1456.255331,X
Total area of the country (excl. coastal water),Guinea,24586.0,X
Cultivated area (arable land + permanent crops),Guinea,3100.0,X
Total population,Guinea,7662.075,X
Rural population,Guinea,5832.294,X
Urban population,Guinea,2505.694,X
Gross Domestic Product (GDP),Guinea,5374564715.0,X
GDP per capita,Guinea,644.587725,X
"Agriculture, value added (% GDP)",Guinea,24.094901,X
Total area of the country (excl. coastal water),Guinea-Bissau,3613.0,X
Cultivated area (arable land + permanent crops),Guinea-Bissau,457.0,X
Total population,Guinea-Bissau,1132.51,X
Rural population,Guinea-Bissau,765.477,X
Urban population,Guinea-Bissau,414.25,X
Gross Domestic Product (GDP),Guinea-Bissau,412430332.0,X
GDP per capita,Guinea-Bissau,349.598112,X
"Agriculture, value added (% GDP)",Guinea-Bissau,40.092562,X
Total area of the country (excl. coastal water),Guyana,21497.0,X
Cultivated area (arable land + permanent crops),Guyana,504.0,X
Total population,Guyana,757.97,X
Rural population,Guyana,540.273,X
Urban population,Guyana,220.237,X
Gross Domestic Product (GDP),Guyana,1194651695.0,X
GDP per capita,Guyana,1570.855998,X
"Agriculture, value added (% GDP)",Guyana,30.528797,X
Total area of the country (excl. coastal water),Haiti,2775.0,X
Cultivated area (arable land + permanent crops),Haiti,1200.0,X
Total population,Haiti,8030.726,X
Rural population,Haiti,5370.79,X
Urban population,Haiti,2741.161,X
Gross Domestic Product (GDP),Haiti,3242691825.0,X
GDP per capita,Haiti,399.742531,X
"Agriculture, value added (% GDP)",Haiti,20.814888,X
Total area of the country (excl. coastal water),Holy See,0.044,E
Total population,Holy See,0.782,X
Rural population,Holy See,0.0,X
Urban population,Holy See,0.782,X
Total area of the country (excl. coastal water),Honduras,11249.0,X
Cultivated area (arable land + permanent crops),Honduras,1875.0,X
Total population,Honduras,6045.699,X
Rural population,Honduras,3379.565,X
Urban population,Honduras,2649.317,X
Gross Domestic Product (GDP),Honduras,5625875579.0,X
GDP per capita,Honduras,933.154037,X
"Agriculture, value added (% GDP)",Honduras,20.40762,X
Total area of the country (excl. coastal water),Hungary,9303.0,X
Cultivated area (arable land + permanent crops),Hungary,5047.0,X
Total population,Hungary,10308.48,X
Rural population,Hungary,3612.678,X
Urban population,Hungary,6696.344,X
Gross Domestic Product (GDP),Hungary,47296961369.0,X
GDP per capita,Hungary,4587.919336,X
"Agriculture, value added (% GDP)",Hungary,6.322284,X
Total area of the country (excl. coastal water),Iceland,10300.0,X
Cultivated area (arable land + permanent crops),Iceland,133.0,X
Total population,Iceland,272.709,X
Rural population,Iceland,21.926,X
Urban population,Iceland,250.783,X
GDP per capita,Iceland,27798.825355,X
Total area of the country (excl. coastal water),India,328726.0,X
Cultivated area (arable land + permanent crops),India,170101.0,X
Total population,India,1000900.03,X
Rural population,India,727825.98,X
Urban population,India,269579.338,X
Gross Domestic Product (GDP),India,425545042367.0,X
GDP per capita,India,426.652069,X
"Agriculture, value added (% GDP)",India,24.3581,X
Total area of the country (excl. coastal water),Indonesia,191093.0,X
Cultivated area (arable land + permanent crops),Indonesia,32350.0,X
Total population,Indonesia,202826.446,X
Rural population,Indonesia,124928.173,X
Urban population,Indonesia,77898.292,X
Gross Domestic Product (GDP),Indonesia,252386467345.0,X
GDP per capita,Indonesia,1239.020013,X
"Agriculture, value added (% GDP)",Indonesia,13.285418,X
Total area of the country (excl. coastal water),Iran (Islamic Republic of),174515.0,X
Cultivated area (arable land + permanent crops),Iran (Islamic Republic of),17832.0,X
Total population,Iran (Islamic Republic of),63136.312,X
Rural population,Iran (Islamic Republic of),23922.226,X
Urban population,Iran (Islamic Republic of),38788.331,X
Gross Domestic Product (GDP),Iran (Islamic Republic of),116910894389.0,X
GDP per capita,Iran (Islamic Republic of),1864.293669,X
"Agriculture, value added (% GDP)",Iran (Islamic Republic of),9.217778,X
Total area of the country (excl. coastal water),Iraq,43832.0,X
Cultivated area (arable land + permanent crops),Iraq,4660.0,X
Total population,Iraq,21439.574,X
Rural population,Iraq,6795.834,X
Urban population,Iraq,14713.457,X
Gross Domestic Product (GDP),Iraq,9323349169.0,X
GDP per capita,Iraq,433.456834,X
"Agriculture, value added (% GDP)",Iraq,9.306599,X
Total area of the country (excl. coastal water),Ireland,7028.0,X
Cultivated area (arable land + permanent crops),Ireland,1038.0,X
Total population,Ireland,3651.096,X
Rural population,Ireland,1543.686,X
Urban population,Ireland,2168.778,X
GDP per capita,Ireland,22310.980607,X
Total area of the country (excl. coastal water),Israel,2207.0,X
Cultivated area (arable land + permanent crops),Israel,419.0,X
Total population,Israel,5566.553,X
Rural population,Israel,506.347,X
Urban population,Israel,5125.197,X
Gross Domestic Product (GDP),Israel,114693679940.0,X
GDP per capita,Israel,20366.293851,X
"Agriculture, value added (% GDP)",Israel,1.520697,X
Total area of the country (excl. coastal water),Italy,30134.0,X
Cultivated area (arable land + permanent crops),Italy,10974.0,X
Total population,Italy,56903.64,X
Rural population,Italy,18846.806,X
Urban population,Italy,38338.095,X
Gross Domestic Product (GDP),Italy,1241913280989.0,X
GDP per capita,Italy,21717.503384,X
"Agriculture, value added (% GDP)",Italy,2.861912,X
Total area of the country (excl. coastal water),Jamaica,1099.0,X
Cultivated area (arable land + permanent crops),Jamaica,260.0,X
Total population,Jamaica,2583.916,X
Rural population,Jamaica,1265.09,X
Urban population,Jamaica,1321.737,X
Gross Domestic Product (GDP),Jamaica,8400041803.0,X
GDP per capita,Jamaica,3247.237563,X
"Agriculture, value added (% GDP)",Jamaica,7.633852,X
Total area of the country (excl. coastal water),Japan,37780.0,X
Cultivated area (arable land + permanent crops),Japan,4949.0,X
Total population,Japan,126892.738,X
Rural population,Japan,27573.758,X
Urban population,Japan,99328.87,X
Gross Domestic Product (GDP),Japan,4414734211850.0,X
GDP per capita,Japan,34788.359244,X
"Agriculture, value added (% GDP)",Japan,1.557319,X
Total area of the country (excl. coastal water),Jordan,8878.0,X
Cultivated area (arable land + permanent crops),Jordan,270.0,X
Total population,Jordan,4848.541,X
Rural population,Jordan,1051.869,X
Urban population,Jordan,3780.398,X
GDP per capita,Jordan,1515.147741,X
Total area of the country (excl. coastal water),Kazakhstan,272490.0,X
Cultivated area (arable land + permanent crops),Kazakhstan,32691.8,X
Total population,Kazakhstan,15406.003,X
Rural population,Kazakhstan,6861.509,X
Urban population,Kazakhstan,8720.243,X
Gross Domestic Product (GDP),Kazakhstan,22165932063.0,X
GDP per capita,Kazakhstan,1422.557108,X
"Agriculture, value added (% GDP)",Kazakhstan,11.406779,X
Total area of the country (excl. coastal water),Kenya,58037.0,X
Cultivated area (arable land + permanent crops),Kenya,5294.0,X
Total population,Kenya,29415.659,X
Rural population,Kenya,23482.301,X
Urban population,Kenya,5471.813,X
Gross Domestic Product (GDP),Kenya,14958503707.0,X
GDP per capita,Kenya,516.627921,X
"Agriculture, value added (% GDP)",Kenya,24.378375,X
Total area of the country (excl. coastal water),Kiribati,81.0,X
Cultivated area (arable land + permanent crops),Kiribati,37.0,X
Total population,Kiribati,80.187,X
Rural population,Kiribati,49.111,X
Urban population,Kiribati,31.073,X
Gross Domestic Product (GDP),Kiribati,67227736.0,X
GDP per capita,Kiribati,838.418338,X
"Agriculture, value added (% GDP)",Kiribati,20.999956,X
Total area of the country (excl. coastal water),Kuwait,1782.0,X
Cultivated area (arable land + permanent crops),Kuwait,7.0,X
Total population,Kuwait,1710.256,X
Rural population,Kuwait,25.266,X
Urban population,Kuwait,1690.048,X
Gross Domestic Product (GDP),Kuwait,30351196173.0,X
GDP per capita,Kuwait,17694.250833,X
"Agriculture, value added (% GDP)",Kuwait,0.391007,X
Total area of the country (excl. coastal water),Kyrgyzstan,19995.0,X
Cultivated area (arable land + permanent crops),Kyrgyzstan,1426.0,X
Total population,Kyrgyzstan,4705.645,X
Rural population,Kyrgyzstan,3021.731,X
Urban population,Kyrgyzstan,1683.907,X
Gross Domestic Product (GDP),Kyrgyzstan,1767355780.0,X
GDP per capita,Kyrgyzstan,375.582605,X
"Agriculture, value added (% GDP)",Kyrgyzstan,41.178272,X
Total area of the country (excl. coastal water),Lao People's Democratic Republic,23680.0,X
Cultivated area (arable land + permanent crops),Lao People's Democratic Republic,930.0,X
Total population,Lao People's Democratic Republic,5050.315,X
Rural population,Lao People's Democratic Republic,4089.728,X
Urban population,Lao People's Democratic Republic,966.791,X
Gross Domestic Product (GDP),Lao People's Democratic Republic,1819883136.0,X
GDP per capita,Lao People's Democratic Republic,359.908296,X
"Agriculture, value added (% GDP)",Lao People's Democratic Republic,49.776467,X
Total area of the country (excl. coastal water),Latvia,6456.0,X
Cultivated area (arable land + permanent crops),Latvia,1094.0,X
Total population,Latvia,2453.307,X
Rural population,Latvia,770.337,X
Urban population,Latvia,1682.965,X
GDP per capita,Latvia,2653.040137,X
Total area of the country (excl. coastal water),Lebanon,1045.0,X
Cultivated area (arable land + permanent crops),Lebanon,322.0,X
Total population,Lebanon,3658.424,X
Rural population,Lebanon,449.711,X
Urban population,Lebanon,2642.959,X
Gross Domestic Product (GDP),Lebanon,15595116149.0,X
GDP per capita,Lebanon,5042.605952,X
"Agriculture, value added (% GDP)",Lebanon,4.605628,X
Total area of the country (excl. coastal water),Lesotho,3036.0,X
Cultivated area (arable land + permanent crops),Lesotho,329.0,X
Total population,Lesotho,1968.044,X
Rural population,Lesotho,1483.682,X
Urban population,Lesotho,326.771,X
GDP per capita,Lesotho,575.288533,X
Total area of the country (excl. coastal water),Liberia,11137.0,X
Cultivated area (arable land + permanent crops),Liberia,520.0,X
Total population,Liberia,2326.202,X
Rural population,Liberia,1337.15,X
Urban population,Liberia,1021.319,X
Gross Domestic Product (GDP),Liberia,418607741.0,X
GDP per capita,Liberia,177.491305,X
"Agriculture, value added (% GDP)",Liberia,66.241172,X
Total area of the country (excl. coastal water),Libya,175954.0,X
Cultivated area (arable land + permanent crops),Libya,2366.0,X
Total population,Libya,5118.007,X
Rural population,Libya,1222.3,X
Urban population,Libya,3894.969,X
Gross Domestic Product (GDP),Libya,33193980353.0,X
GDP per capita,Libya,6486.659262,X
"Agriculture, value added (% GDP)",Libya,7.852775,X
Total area of the country (excl. coastal water),Liechtenstein,16.0,X
Cultivated area (arable land + permanent crops),Liechtenstein,4.0,X
Total population,Liechtenstein,31.83,X
Rural population,Liechtenstein,26.746,X
Urban population,Liechtenstein,5.092,X
Gross Domestic Product (GDP),Liechtenstein,2563442673.0,X
GDP per capita,Liechtenstein,80515.191703,X
Total area of the country (excl. coastal water),Lithuania,6530.0,X
Cultivated area (arable land + permanent crops),Lithuania,2921.0,X
Total population,Lithuania,3579.91,X
Rural population,Lithuania,1175.441,X
Urban population,Lithuania,2404.463,X
GDP per capita,Lithuania,2827.016747,X
Total population,Luxembourg,432.8,X
Urban population,Luxembourg,347.9,X
Gross Domestic Product (GDP),Luxembourg,19731654627.0,X
GDP per capita,Luxembourg,46983.038537,X
"Agriculture, value added (% GDP)",Luxembourg,0.740051,X
Total area of the country (excl. coastal water),Madagascar,58704.0,X
Cultivated area (arable land + permanent crops),Madagascar,3490.0,X
Total population,Madagascar,14347.854,X
Rural population,Madagascar,10571.361,X
Urban population,Madagascar,3776.493,X
Gross Domestic Product (GDP),Madagascar,4116180192.0,X
GDP per capita,Madagascar,286.884728,X
"Agriculture, value added (% GDP)",Madagascar,33.952969,X
Total area of the country (excl. coastal water),Malawi,11848.0,X
Cultivated area (arable land + permanent crops),Malawi,2580.0,X
Total population,Malawi,10264.906,X
Rural population,Malawi,8928.182,X
Urban population,Malawi,1453.68,X
Gross Domestic Product (GDP),Malawi,3140905232.0,X
GDP per capita,Malawi,302.537756,X
"Agriculture, value added (% GDP)",Malawi,32.611685,X
Total area of the country (excl. coastal water),Malaysia,33080.0,X
Cultivated area (arable land + permanent crops),Malaysia,6673.7,X
Total population,Malaysia,21562.793,X
Rural population,Malaysia,9006.377,X
Urban population,Malaysia,12558.948,X
Gross Domestic Product (GDP),Malaysia,100169143588.0,X
GDP per capita,Malaysia,4644.916948,X
"Agriculture, value added (% GDP)",Malaysia,11.101333,X
Total area of the country (excl. coastal water),Maldives,30.0,X
Cultivated area (arable land + permanent crops),Maldives,7.0,X
Total population,Maldives,263.842,X
Rural population,Maldives,194.561,X
Urban population,Maldives,69.714,X
Gross Domestic Product (GDP),Maldives,721416106.0,X
GDP per capita,Maldives,2729.79323,X
"Agriculture, value added (% GDP)",Maldives,5.82962,X
Total area of the country (excl. coastal water),Mali,124019.0,X
Cultivated area (arable land + permanent crops),Mali,4650.0,X
Total population,Mali,10094.368,X
Rural population,Mali,7440.503,X
Urban population,Mali,2673.591,X
Gross Domestic Product (GDP),Mali,2871846026.0,X
GDP per capita,Mali,283.944961,X
"Agriculture, value added (% GDP)",Mali,35.448112,X
Total area of the country (excl. coastal water),Malta,32.0,X
Cultivated area (arable land + permanent crops),Malta,10.0,X
Total population,Malta,383.76,X
Rural population,Malta,32.943,X
Urban population,Malta,354.241,X
Gross Domestic Product (GDP),Malta,3776280703.0,X
GDP per capita,Malta,9753.194097,X
"Agriculture, value added (% GDP)",Malta,2.497717,X
Total area of the country (excl. coastal water),Marshall Islands,18.0,X
Cultivated area (arable land + permanent crops),Marshall Islands,9.0,X
Total population,Marshall Islands,50.45,X
Rural population,Marshall Islands,16.859,X
Urban population,Marshall Islands,34.833,X
Gross Domestic Product (GDP),Marshall Islands,106300684.0,X
GDP per capita,Marshall Islands,2056.424282,X
"Agriculture, value added (% GDP)",Marshall Islands,9.249061,X
Total area of the country (excl. coastal water),Mauritania,103070.0,X
Cultivated area (arable land + permanent crops),Mauritania,500.0,X
Total population,Mauritania,2433.563,X
Rural population,Mauritania,1521.035,X
Urban population,Mauritania,950.563,X
GDP per capita,Mauritania,859.47882,X
Total area of the country (excl. coastal water),Mauritius,204.0,X
Cultivated area (arable land + permanent crops),Mauritius,95.0,X
Total population,Mauritius,1154.14,X
Rural population,Mauritius,657.416,X
Urban population,Mauritius,496.724,X
Gross Domestic Product (GDP),Mauritius,4425877247.0,X
GDP per capita,Mauritius,3834.783689,X
"Agriculture, value added (% GDP)",Mauritius,7.499918,X
Total area of the country (excl. coastal water),Mexico,196438.0,X
Cultivated area (arable land + permanent crops),Mexico,25182.0,X
Total population,Mexico,94611.002,X
Rural population,Mexico,25362.769,X
Urban population,Mexico,71918.97,X
Gross Domestic Product (GDP),Mexico,500416010942.0,X
GDP per capita,Mexico,5143.987105,X
"Agriculture, value added (% GDP)",Mexico,4.450287,X
Total area of the country (excl. coastal water),Micronesia (Federated States of),70.0,X
Cultivated area (arable land + permanent crops),Micronesia (Federated States of),19.5,X
Total population,Micronesia (Federated States of),108.48,X
Rural population,Micronesia (Federated States of),82.582,X
Urban population,Micronesia (Federated States of),25.92,X
Gross Domestic Product (GDP),Micronesia (Federated States of),206731873.0,X
GDP per capita,Micronesia (Federated States of),1905.327764,X
"Agriculture, value added (% GDP)",Micronesia (Federated States of),23.014376,X
Total area of the country (excl. coastal water),Monaco,0.2027,E
Total population,Monaco,31.28,X
Rural population,Monaco,0.0,X
Urban population,Monaco,31.251,X
GDP per capita,Monaco,89149.783285,X
Total area of the country (excl. coastal water),Mongolia,156412.0,X
Cultivated area (arable land + permanent crops),Mongolia,1228.0,X
Total population,Mongolia,2335.734,X
Rural population,Mongolia,1011.019,X
Urban population,Mongolia,1324.676,X
GDP per capita,Mongolia,612.736313,X
Total area of the country (excl. coastal water),Morocco,44655.0,X
Cultivated area (arable land + permanent crops),Morocco,9895.0,X
Total population,Morocco,27754.571,X
Rural population,Morocco,13259.103,X
Urban population,Morocco,14566.798,X
Gross Domestic Product (GDP),Morocco,39231483632.0,X
GDP per capita,Morocco,1409.890865,X
"Agriculture, value added (% GDP)",Morocco,14.365936,X
Total area of the country (excl. coastal water),Mozambique,79938.0,X
Cultivated area (arable land + permanent crops),Mozambique,4135.0,X
Total population,Mozambique,16397.183,X
Rural population,Mozambique,11935.569,X
Urban population,Mozambique,4765.782,X
GDP per capita,Mozambique,277.213059,X
Total area of the country (excl. coastal water),Myanmar,67659.0,X
Cultivated area (arable land + permanent crops),Myanmar,10154.0,X
Total population,Myanmar,45027.233,X
Rural population,Myanmar,32620.926,X
Urban population,Myanmar,11750.599,X
GDP per capita,Myanmar,203.803353,X
Total area of the country (excl. coastal water),Namibia,82429.0,X
Cultivated area (arable land + permanent crops),Namibia,820.0,X
Total population,Namibia,1698.032,X
Rural population,Namibia,1216.821,X
Urban population,Namibia,542.173,X
Gross Domestic Product (GDP),Namibia,4102682851.0,X
GDP per capita,Namibia,2332.402982,X
"Agriculture, value added (% GDP)",Namibia,8.618726,X
Total area of the country (excl. coastal water),Nauru,2.0,X
Cultivated area (arable land + permanent crops),Nauru,0.4,X
Total population,Nauru,10.647,X
Rural population,Nauru,0.0,X
Urban population,Nauru,10.057,X
Gross Domestic Product (GDP),Nauru,30924695.0,X
GDP per capita,Nauru,3074.942288,X
"Agriculture, value added (% GDP)",Nauru,6.688041,X
Total area of the country (excl. coastal water),Nepal,14718.0,X
Cultivated area (arable land + permanent crops),Nepal,2426.2,X
Total population,Nepal,22584.775,X
Rural population,Nepal,19740.147,X
Urban population,Nepal,2649.656,X
Gross Domestic Product (GDP),Nepal,5191233802.0,X
GDP per capita,Nepal,231.857056,X
"Agriculture, value added (% GDP)",Nepal,37.216172,X
Total area of the country (excl. coastal water),Netherlands,4153.0,X
Cultivated area (arable land + permanent crops),Netherlands,935.0,X
Total population,Netherlands,15655.475,X
Rural population,Netherlands,3999.507,X
Urban population,Netherlands,11655.968,X
Gross Domestic Product (GDP),Netherlands,416790293190.0,X
GDP per capita,Netherlands,26622.65394,X
"Agriculture, value added (% GDP)",Netherlands,2.967923,X
Total area of the country (excl. coastal water),New Zealand,26771.0,X
Cultivated area (arable land + permanent crops),New Zealand,1603.0,X
Total population,New Zealand,3752.362,X
Rural population,New Zealand,533.552,X
Urban population,New Zealand,3218.81,X
Gross Domestic Product (GDP),New Zealand,69302139781.0,X
GDP per capita,New Zealand,18468.93764,X
"Agriculture, value added (% GDP)",New Zealand,6.077432,X
Total area of the country (excl. coastal water),Nicaragua,13037.0,X
Cultivated area (arable land + permanent crops),Nicaragua,1980.0,X
Total population,Nicaragua,4827.661,X
Rural population,Nicaragua,2166.596,X
Urban population,Nicaragua,2620.044,X
Gross Domestic Product (GDP),Nicaragua,4375338783.0,X
GDP per capita,Nicaragua,914.073083,X
"Agriculture, value added (% GDP)",Nicaragua,20.04037,X
Total area of the country (excl. coastal water),Niger,126700.0,X
Cultivated area (arable land + permanent crops),Niger,14000.0,X
Total population,Niger,10178.201,X
Rural population,Niger,8557.656,X
Urban population,Niger,1622.405,X
Gross Domestic Product (GDP),Niger,2346769859.0,X
GDP per capita,Niger,230.52611,X
"Agriculture, value added (% GDP)",Niger,31.527745,X
Total area of the country (excl. coastal water),Nigeria,92377.0,X
Cultivated area (arable land + permanent crops),Nigeria,38500.0,X
Total population,Nigeria,113457.663,X
Rural population,Nigeria,75780.282,X
Urban population,Nigeria,37742.423,X
Gross Domestic Product (GDP),Nigeria,56092183700.0,X
GDP per capita,Nigeria,494.105419,X
"Agriculture, value added (% GDP)",Nigeria,27.416651,X
Total area of the country (excl. coastal water),Niue,26.0,X
Cultivated area (arable land + permanent crops),Niue,3.8,X
Total population,Niue,2.067,X
Rural population,Niue,1.406,X
Urban population,Niue,0.661,X
Total area of the country (excl. coastal water),North Macedonia,2571.0,X
Cultivated area (arable land + permanent crops),North Macedonia,647.0,X
Total population,North Macedonia,1999.598,X
Rural population,North Macedonia,816.387,X
Urban population,North Macedonia,1183.212,X
Gross Domestic Product (GDP),North Macedonia,3912995037.0,X
GDP per capita,North Macedonia,1956.889875,X
"Agriculture, value added (% GDP)",North Macedonia,11.018167,X
Total area of the country (excl. coastal water),Norway,38518.0,X
Cultivated area (arable land + permanent crops),Norway,902.0,X
Total population,Norway,4420.262,X
Rural population,Norway,1128.226,X
Urban population,Norway,3292.036,X
Gross Domestic Product (GDP),Norway,161356612879.0,X
GDP per capita,Norway,36503.85721,X
"Agriculture, value added (% GDP)",Norway,2.061787,X
Total area of the country (excl. coastal water),Oman,30950.0,X
Cultivated area (arable land + permanent crops),Oman,70.0,X
Total population,Oman,2249.762,X
Rural population,Oman,638.292,X
Urban population,Oman,1611.481,X
Gross Domestic Product (GDP),Oman,15662333330.0,X
GDP per capita,Oman,6961.739398,X
"Agriculture, value added (% GDP)",Oman,2.736846,X
Total area of the country (excl. coastal water),Pakistan,79610.0,X
Cultivated area (arable land + permanent crops),Pakistan,31669.0,X
Total population,Pakistan,131057.431,X
Rural population,Pakistan,87329.956,X
Urban population,Pakistan,41757.031,X
Gross Domestic Product (GDP),Pakistan,77394422577.0,X
GDP per capita,Pakistan,599.552475,X
"Agriculture, value added (% GDP)",Pakistan,26.967483,X
Total area of the country (excl. coastal water),Palau,46.0,X
Cultivated area (arable land + permanent crops),Palau,2.3,X
Total population,Palau,18.014,X
Rural population,Palau,5.244,X
Urban population,Palau,12.879,X
Gross Domestic Product (GDP),Palau,142772230.0,X
GDP per capita,Palau,7877.957844,X
"Agriculture, value added (% GDP)",Palau,4.249199,X
Total area of the country (excl. coastal water),Panama,7542.0,X
Cultivated area (arable land + permanent crops),Panama,663.0,X
Total population,Panama,2853.913,X
Rural population,Panama,1147.085,X
Urban population,Panama,1706.856,X
Gross Domestic Product (GDP),Panama,10246723070.0,X
GDP per capita,Panama,3590.37663,X
"Agriculture, value added (% GDP)",Panama,6.459133,X
Total area of the country (excl. coastal water),Papua New Guinea,46284.0,X
Cultivated area (arable land + permanent crops),Papua New Guinea,787.0,X
Total population,Papua New Guinea,5446.641,X
Rural population,Papua New Guinea,4447.44,X
Urban population,Papua New Guinea,707.47,X
GDP per capita,Papua New Guinea,1435.167731,X
Total area of the country (excl. coastal water),Paraguay,40675.0,X
Cultivated area (arable land + permanent crops),Paraguay,2685.0,X
Total population,Paraguay,4998.1,X
Rural population,Paraguay,2320.138,X
Urban population,Paraguay,2660.206,X
Gross Domestic Product (GDP),Paraguay,11484007928.0,X
GDP per capita,Paraguay,2305.866408,X
"Agriculture, value added (% GDP)",Paraguay,11.682053,X
Total area of the country (excl. coastal water),Peru,128522.0,X
Cultivated area (arable land + permanent crops),Peru,4782.0,X
Total population,Peru,25210.954,X
Rural population,Peru,7001.754,X
Urban population,Peru,17825.652,X
Gross Domestic Product (GDP),Peru,58143884892.0,X
GDP per capita,Peru,2341.923473,X
"Agriculture, value added (% GDP)",Peru,8.048159,X
Total area of the country (excl. coastal water),Philippines,30000.0,X
Cultivated area (arable land + permanent crops),Philippines,9885.0,X
Total population,Philippines,73030.884,X
Rural population,Philippines,39170.176,X
Urban population,Philippines,33894.588,X
Gross Domestic Product (GDP),Philippines,91233724399.0,X
GDP per capita,Philippines,1248.669255,X
"Agriculture, value added (% GDP)",Philippines,16.436785,X
Total area of the country (excl. coastal water),Poland,31269.0,X
Cultivated area (arable land + permanent crops),Poland,14321.0,X
Total population,Poland,38544.841,X
Rural population,Poland,14805.609,X
Urban population,Poland,23733.121,X
GDP per capita,Poland,4128.778995,X
Total area of the country (excl. coastal water),Portugal,9212.0,X
Cultivated area (arable land + permanent crops),Portugal,2590.0,X
Total population,Portugal,10174.563,X
Rural population,Portugal,4868.028,X
Urban population,Portugal,5364.856,X
Gross Domestic Product (GDP),Portugal,117022585149.0,X
GDP per capita,Portugal,11435.933912,X
"Agriculture, value added (% GDP)",Portugal,3.831063,X
Total area of the country (excl. coastal water),Puerto Rico,887.0,X
Cultivated area (arable land + permanent crops),Puerto Rico,81.0,X
Total population,Puerto Rico,3621.899,X
Rural population,Puerto Rico,224.04,X
Urban population,Puerto Rico,3522.319,X
Gross Domestic Product (GDP),Puerto Rico,48864286843.0,X
GDP per capita,Puerto Rico,13043.140511,X
"Agriculture, value added (% GDP)",Puerto Rico,1.320614,X
Total area of the country (excl. coastal water),Qatar,1161.0,X
Cultivated area (arable land + permanent crops),Qatar,16.0,X
Total population,Qatar,535.321,X
Rural population,Qatar,23.207,X
Urban population,Qatar,511.401,X
Gross Domestic Product (GDP),Qatar,11297802198.0,X
GDP per capita,Qatar,21132.871558,X
"Agriculture, value added (% GDP)",Qatar,0.705184,X
Total area of the country (excl. coastal water),Republic of Korea,9926.0,X
Cultivated area (arable land + permanent crops),Republic of Korea,1924.0,X
Total population,Republic of Korea,46196.054,X
Rural population,Republic of Korea,9746.571,X
Urban population,Republic of Korea,36456.033,X
GDP per capita,Republic of Korea,12378.990704,X
Total area of the country (excl. coastal water),Republic of Moldova,3384.0,X
Cultivated area (arable land + permanent crops),Republic of Moldova,2186.0,X
Total population,Republic of Moldova,4286.472,X
Rural population,Republic of Moldova,2322.56,X
Urban population,Republic of Moldova,1962.371,X
Gross Domestic Product (GDP),Republic of Moldova,2314646036.0,X
GDP per capita,Republic of Moldova,540.182802,X
"Agriculture, value added (% GDP)",Republic of Moldova,24.06208,X
Total area of the country (excl. coastal water),Romania,23839.0,X
Cultivated area (arable land + permanent crops),Romania,9898.0,X
Total population,Romania,22637.604,X
Rural population,Romania,10532.52,X
Urban population,Romania,12100.285,X
Gross Domestic Product (GDP),Romania,35838871494.0,X
GDP per capita,Romania,1583.492258,X
"Agriculture, value added (% GDP)",Romania,17.381691,X
Total area of the country (excl. coastal water),Russian Federation,1709824.0,X
Cultivated area (arable land + permanent crops),Russian Federation,129384.0,X
Total population,Russian Federation,147730.019,X
Rural population,Russian Federation,39361.0,X
Urban population,Russian Federation,108407.371,X
Gross Domestic Product (GDP),Russian Federation,407823983411.0,X
GDP per capita,Russian Federation,2759.886846,X
"Agriculture, value added (% GDP)",Russian Federation,5.782762,X
Total area of the country (excl. coastal water),Rwanda,2634.0,X
Cultivated area (arable land + permanent crops),Rwanda,1050.0,X
Total population,Rwanda,6419.901,X
Rural population,Rwanda,5709.311,X
Urban population,Rwanda,813.071,X
GDP per capita,Rwanda,274.58232,X
Total area of the country (excl. coastal water),Saint Kitts and Nevis,26.0,X
Cultivated area (arable land + permanent crops),Saint Kitts and Nevis,7.0,X
Total population,Saint Kitts and Nevis,42.854,X
Rural population,Saint Kitts and Nevis,29.228,X
Urban population,Saint Kitts and Nevis,14.618,X
Gross Domestic Product (GDP),Saint Kitts and Nevis,374266667.0,X
GDP per capita,Saint Kitts and Nevis,8535.936383,X
"Agriculture, value added (% GDP)",Saint Kitts and Nevis,3.050904,X
Total area of the country (excl. coastal water),Saint Lucia,62.0,X
Cultivated area (arable land + permanent crops),Saint Lucia,15.4,X
Total population,Saint Lucia,150.913,X
Rural population,Saint Lucia,108.229,X
Urban population,Saint Lucia,42.857,X
GDP per capita,Saint Lucia,4431.762612,X
Total area of the country (excl. coastal water),Saint Vincent and the Grenadines,39.0,X
Cultivated area (arable land + permanent crops),Saint Vincent and the Grenadines,6.06,X
Total population,Saint Vincent and the Grenadines,107.895,X
Rural population,Saint Vincent and the Grenadines,60.374,X
Urban population,Saint Vincent and the Grenadines,47.63,X
Gross Domestic Product (GDP),Saint Vincent and the Grenadines,347222685.0,X
GDP per capita,Saint Vincent and the Grenadines,3214.905789,X
"Agriculture, value added (% GDP)",Saint Vincent and the Grenadines,6.927987,X
Total area of the country (excl. coastal water),Samoa,284.0,X
Cultivated area (arable land + permanent crops),Samoa,49.0,X
Total population,Samoa,172.068,X
Rural population,Samoa,134.822,X
Urban population,Samoa,37.376,X
Gross Domestic Product (GDP),Samoa,246941804.0,X
GDP per capita,Samoa,1434.057331,X
"Agriculture, value added (% GDP)",Samoa,25.077221,X
Total area of the country (excl. coastal water),San Marino,6.0,X
Cultivated area (arable land + permanent crops),San Marino,1.0,X
Total population,San Marino,26.562,X
Rural population,San Marino,2.009,X
Urban population,San Marino,24.499,X
Gross Domestic Product (GDP),San Marino,1107743878.0,X
GDP per capita,San Marino,41789.0402,X
"Agriculture, value added (% GDP)",San Marino,0.087967,X
Total area of the country (excl. coastal water),Sao Tome and Principe,96.0,X
Cultivated area (arable land + permanent crops),Sao Tome and Principe,45.0,X
Total population,Sao Tome and Principe,135.832,X
Rural population,Sao Tome and Principe,64.833,X
Urban population,Sao Tome and Principe,66.274,X
Gross Domestic Product (GDP),Sao Tome and Principe,87417090.0,X
GDP per capita,Sao Tome and Principe,666.761421,X
"Agriculture, value added (% GDP)",Sao Tome and Principe,24.768707,X
Total area of the country (excl. coastal water),Saudi Arabia,214969.0,X
Cultivated area (arable land + permanent crops),Saudi Arabia,3785.0,X
Total population,Saudi Arabia,19407.142,X
Rural population,Saudi Arabia,4067.477,X
Urban population,Saudi Arabia,15438.099,X
Gross Domestic Product (GDP),Saudi Arabia,165742133333.0,X
GDP per capita,Saudi Arabia,8497.166827,X
"Agriculture, value added (% GDP)",Saudi Arabia,5.37381,X
Total area of the country (excl. coastal water),Senegal,19671.0,X
Cultivated area (arable land + permanent crops),Senegal,2978.0,X
Total population,Senegal,9130.877,X
Rural population,Senegal,5527.936,X
Urban population,Senegal,3668.592,X
Gross Domestic Product (GDP),Senegal,6045781130.0,X
GDP per capita,Senegal,657.398219,X
"Agriculture, value added (% GDP)",Senegal,17.521497,X
Total area of the country (excl. coastal water),Seychelles,46.0,X
Cultivated area (arable land + permanent crops),Seychelles,4.0,X
Total population,Seychelles,78.355,X
Rural population,Seychelles,39.308,X
Urban population,Seychelles,39.151,X
Gross Domestic Product (GDP),Seychelles,680194245.0,X
GDP per capita,Seychelles,8669.422822,X
"Agriculture, value added (% GDP)",Seychelles,4.733928,X
Total area of the country (excl. coastal water),Sierra Leone,7230.0,X
Cultivated area (arable land + permanent crops),Sierra Leone,609.0,X
Total population,Sierra Leone,4335.301,X
Rural population,Sierra Leone,2802.635,X
Urban population,Sierra Leone,1502.82,X
Gross Domestic Product (GDP),Sierra Leone,1150810523.0,X
GDP per capita,Sierra Leone,267.291267,X
"Agriculture, value added (% GDP)",Sierra Leone,47.679975,X
Total area of the country (excl. coastal water),Singapore,68.0,X
Cultivated area (arable land + permanent crops),Singapore,1.2,X
Total population,Singapore,3752.14,X
Rural population,Singapore,0.0,X
Urban population,Singapore,3649.135,X
GDP per capita,Singapore,27448.58758,X
Total area of the country (excl. coastal water),Slovakia,4903.0,X
Cultivated area (arable land + permanent crops),Slovakia,1599.0,X
Total population,Slovakia,5391.204,X
Rural population,Slovakia,2349.716,X
Urban population,Slovakia,3041.488,X
Gross Domestic Product (GDP),Slovakia,21916978438.0,X
GDP per capita,Slovakia,4065.321668,X
"Agriculture, value added (% GDP)",Slovakia,2.067549,X
Total area of the country (excl. coastal water),Slovenia,2027.0,X
Cultivated area (arable land + permanent crops),Slovenia,205.0,X
Total population,Slovenia,1987.455,X
Rural population,Slovenia,980.562,X
Urban population,Slovenia,1007.393,X
Gross Domestic Product (GDP),Slovenia,20764110913.0,X
GDP per capita,Slovenia,10444.96023,X
"Agriculture, value added (% GDP)",Slovenia,3.752893,X
Total area of the country (excl. coastal water),Solomon Islands,2890.0,X
Cultivated area (arable land + permanent crops),Solomon Islands,67.0,X
Total population,Solomon Islands,379.999,X
Rural population,Solomon Islands,322.667,X
Urban population,Solomon Islands,57.28,X
Gross Domestic Product (GDP),Solomon Islands,408400275.0,X
GDP per capita,Solomon Islands,1074.887485,X
"Agriculture, value added (% GDP)",Solomon Islands,39.523426,X
Total area of the country (excl. coastal water),Somalia,63766.0,X
Cultivated area (arable land + permanent crops),Somalia,1066.0,X
Total population,Somalia,7936.127,X
Rural population,Somalia,5521.517,X
Urban population,Somalia,2615.958,X
Gross Domestic Product (GDP),Somalia,1482006572.0,X
GDP per capita,Somalia,182.121183,X
"Agriculture, value added (% GDP)",Somalia,62.276597,X
Total area of the country (excl. coastal water),South Africa,121909.0,X
Cultivated area (arable land + permanent crops),South Africa,14045.0,X
Total population,South Africa,42987.461,X
Rural population,South Africa,19449.786,X
Urban population,South Africa,24207.238,X
GDP per capita,South Africa,3495.140298,X
Total area of the country (excl. coastal water),Spain,50599.0,X
Cultivated area (arable land + permanent crops),Spain,19059.0,X
Total population,Spain,40035.293,X
Rural population,Spain,9623.946,X
Urban population,Spain,30507.614,X
Gross Domestic Product (GDP),Spain,590101662198.0,X
GDP per capita,Spain,14704.179509,X
"Agriculture, value added (% GDP)",Spain,4.30221,X
Total area of the country (excl. coastal water),Sri Lanka,6561.0,X
Cultivated area (arable land + permanent crops),Sri Lanka,1888.0,X
Total population,Sri Lanka,18470.9,X
Rural population,Sri Lanka,15071.902,X
Urban population,Sri Lanka,3404.603,X
Gross Domestic Product (GDP),Sri Lanka,17872670900.0,X
GDP per capita,Sri Lanka,967.318814,X
"Agriculture, value added (% GDP)",Sri Lanka,11.466303,X
Total area of the country (excl. coastal water),State of Palestine,602.0,X
Cultivated area (arable land + permanent crops),State of Palestine,220.0,X
Total population,State of Palestine,2872.006,X
Rural population,State of Palestine,827.261,X
Urban population,State of Palestine,2043.886,X
GDP per capita,State of Palestine,1392.361721,X
Total area of the country (excl. coastal water),Suriname,16382.0,X
Cultivated area (arable land + permanent crops),Suriname,67.0,X
Total population,Suriname,454.161,X
Rural population,Suriname,154.006,X
Urban population,Suriname,301.948,X
Gross Domestic Product (GDP),Suriname,1128440588.0,X
GDP per capita,Suriname,2474.900073,X
"Agriculture, value added (% GDP)",Suriname,25.374602,X
Total area of the country (excl. coastal water),Sweden,45030.0,X
Cultivated area (arable land + permanent crops),Sweden,2799.0,X
Total population,Sweden,8868.853,X
Rural population,Sweden,1424.155,X
Urban population,Sweden,7444.698,X
GDP per capita,Sweden,30035.892484,X
Total area of the country (excl. coastal water),Switzerland,4129.0,X
Cultivated area (arable land + permanent crops),Switzerland,438.4,X
Total population,Switzerland,7068.508,X
Rural population,Switzerland,1876.064,X
Urban population,Switzerland,5215.701,X
GDP per capita,Switzerland,40401.320064,X
Total area of the country (excl. coastal water),Syrian Arab Republic,18518.0,X
Cultivated area (arable land + permanent crops),Syrian Arab Republic,5521.0,X
Total population,Syrian Arab Republic,15175.316,X
Rural population,Syrian Arab Republic,7461.061,X
Urban population,Syrian Arab Republic,7716.395,X
Gross Domestic Product (GDP),Syrian Arab Republic,16176339762.0,X
GDP per capita,Syrian Arab Republic,1065.813649,X
"Agriculture, value added (% GDP)",Syrian Arab Republic,25.773872,X
Total area of the country (excl. coastal water),Tajikistan,14255.0,X
Cultivated area (arable land + permanent crops),Tajikistan,917.0,X
Total population,Tajikistan,5938.405,X
Rural population,Tajikistan,4284.204,X
Urban population,Tajikistan,1650.078,X
Gross Domestic Product (GDP),Tajikistan,911770707.0,X
GDP per capita,Tajikistan,153.644654,X
"Agriculture, value added (% GDP)",Tajikistan,29.770471,X
Total area of the country (excl. coastal water),Thailand,51312.0,X
Cultivated area (arable land + permanent crops),Thailand,19642.0,X
Total population,Thailand,60846.582,X
Rural population,Thailand,42226.167,X
Urban population,Thailand,18637.339,X
Gross Domestic Product (GDP),Thailand,150180454390.0,X
GDP per capita,Thailand,2467.495947,X
"Agriculture, value added (% GDP)",Thailand,9.064902,X
Total area of the country (excl. coastal water),Timor-Leste,1487.0,X
Cultivated area (arable land + permanent crops),Timor-Leste,193.0,X
Total population,Timor-Leste,861.866,X
Rural population,Timor-Leste,669.563,X
Urban population,Timor-Leste,202.431,X
GDP per capita,Timor-Leste,545.961025,X
Total area of the country (excl. coastal water),Togo,5679.0,X
Cultivated area (arable land + permanent crops),Togo,2450.0,X
Total population,Togo,4485.951,X
Rural population,Togo,3102.729,X
Urban population,Togo,1431.822,X
Gross Domestic Product (GDP),Togo,1850962627.0,X
GDP per capita,Togo,408.190938,X
"Agriculture, value added (% GDP)",Togo,30.544205,X
Total area of the country (excl. coastal water),Tokelau,1.0,X
Cultivated area (arable land + permanent crops),Tokelau,0.6,X
Total population,Tokelau,1.547,X
Rural population,Tokelau,1.547,X
Urban population,Tokelau,0.0,X
Total area of the country (excl. coastal water),Tonga,75.0,X
Cultivated area (arable land + permanent crops),Tonga,27.0,X
Total population,Tonga,96.619,X
Rural population,Tonga,74.549,X
Urban population,Tonga,22.176,X
GDP per capita,Tonga,2200.979914,X
Total area of the country (excl. coastal water),Trinidad and Tobago,513.0,X
Cultivated area (arable land + permanent crops),Trinidad and Tobago,65.0,X
Total population,Trinidad and Tobago,1259.848,X
Rural population,Trinidad and Tobago,562.186,X
Urban population,Trinidad and Tobago,698.492,X
Gross Domestic Product (GDP),Trinidad and Tobago,5753240850.0,X
GDP per capita,Trinidad and Tobago,4563.608511,X
"Agriculture, value added (% GDP)",Trinidad and Tobago,2.996065,X
Total area of the country (excl. coastal water),Tunisia,16361.0,X
Cultivated area (arable land + permanent crops),Tunisia,4917.0,X
Total population,Tunisia,9395.123,X
Rural population,Tunisia,3541.385,X
Urban population,Tunisia,5842.767,X
Gross Domestic Product (GDP),Tunisia,20746659179.0,X
GDP per capita,Tunisia,2210.818748,X
"Agriculture, value added (% GDP)",Tunisia,11.234387,X
Total area of the country (excl. coastal water),Turkey,78535.0,X
Cultivated area (arable land + permanent crops),Turkey,26864.0,X
Total population,Turkey,60372.568,X
Rural population,Turkey,22229.506,X
Urban population,Turkey,38142.993,X
GDP per capita,Turkey,4329.566488,X
Total area of the country (excl. coastal water),Turkmenistan,48810.0,X
Cultivated area (arable land + permanent crops),Turkmenistan,1800.0,X
Total population,Turkmenistan,4355.116,X
Rural population,Turkmenistan,2384.819,X
Urban population,Turkmenistan,1970.295,X
Gross Domestic Product (GDP),Turkmenistan,2681068281.0,X
GDP per capita,Turkmenistan,615.6138,X
"Agriculture, value added (% GDP)",Turkmenistan,20.061009,X
Total area of the country (excl. coastal water),Tuvalu,3.0,X
Cultivated area (arable land + permanent crops),Tuvalu,2.0,X
Total population,Tuvalu,9.323,X
Rural population,Tuvalu,5.122,X
Urban population,Tuvalu,4.155,X
Gross Domestic Product (GDP),Tuvalu,13397557.0,X
GDP per capita,Tuvalu,1444.1691,X
"Agriculture, value added (% GDP)",Tuvalu,22.646275,X
Total area of the country (excl. coastal water),Uganda,24155.0,X
Cultivated area (arable land + permanent crops),Uganda,7060.0,X
Total population,Uganda,21655.398,X
Rural population,Uganda,18893.474,X
Urban population,Uganda,2972.457,X
Gross Domestic Product (GDP),Uganda,7801397315.0,X
GDP per capita,Uganda,356.783222,X
"Agriculture, value added (% GDP)",Uganda,32.870231,X
Total area of the country (excl. coastal water),Ukraine,60355.0,X
Cultivated area (arable land + permanent crops),Ukraine,34081.0,X
Total population,Ukraine,50187.276,X
Rural population,Ukraine,16548.086,X
Urban population,Ukraine,33641.228,X
Gross Domestic Product (GDP),Ukraine,51937951282.0,X
GDP per capita,Ukraine,1034.840829,X
"Agriculture, value added (% GDP)",Ukraine,12.076078,X
Total area of the country (excl. coastal water),United Arab Emirates,8360.0,X
Cultivated area (arable land + permanent crops),United Arab Emirates,95.0,X
Total population,United Arab Emirates,2671.362,X
Rural population,United Arab Emirates,568.664,X
Urban population,United Arab Emirates,2131.346,X
Gross Domestic Product (GDP),United Arab Emirates,79866461487.0,X
GDP per capita,United Arab Emirates,29580.061365,X
"Agriculture, value added (% GDP)",United Arab Emirates,1.787202,X
Total area of the country (excl. coastal water),United Kingdom of Great Britain and Northern Ireland,24361.0,X
Cultivated area (arable land + permanent crops),United Kingdom of Great Britain and Northern Ireland,6425.0,X
Total population,United Kingdom of Great Britain and Northern Ireland,58307.313,X
Rural population,United Kingdom of Great Britain and Northern Ireland,12560.706,X
Urban population,United Kingdom of Great Britain and Northern Ireland,45785.967,X
GDP per capita,United Kingdom of Great Britain and Northern Ireland,26719.365497,X
Total area of the country (excl. coastal water),United Republic of Tanzania,94730.0,X
Cultivated area (arable land + permanent crops),United Republic of Tanzania,10003.0,X
Total population,United Republic of Tanzania,31192.857,X
Rural population,United Republic of Tanzania,24916.971,X
Urban population,United Republic of Tanzania,6718.28,X
Gross Domestic Product (GDP),United Republic of Tanzania,10803493818.0,X
GDP per capita,United Republic of Tanzania,341.501758,X
"Agriculture, value added (% GDP)",United Republic of Tanzania,27.828057,X
Total area of the country (excl. coastal water),United States of America,962909.0,X
Cultivated area (arable land + permanent crops),United States of America,180092.0,X
Total population,United States of America,271713.635,X
Rural population,United States of America,59846.913,X
Urban population,United States of America,212289.638,X
Human Development Index (HDI) [highest = 1],United States of America,0.8815,I
Gross Domestic Product (GDP),United States of America,8577552000000.0,X
GDP per capita,United States of America,31519.29415,X
"Agriculture, value added (% GDP)",United States of America,1.266096,X
Total area of the country (excl. coastal water),Uruguay,17622.0,X
Cultivated area (arable land + permanent crops),Uruguay,1376.0,X
Total population,Uruguay,3270.164,X
Rural population,Uruguay,289.586,X
Urban population,Uruguay,2981.424,X
Gross Domestic Product (GDP),Uruguay,23969738389.0,X
GDP per capita,Uruguay,7327.931859,X
"Agriculture, value added (% GDP)",Uruguay,6.55147,X
Total area of the country (excl. coastal water),Uzbekistan,44740.0,X
Cultivated area (arable land + permanent crops),Uzbekistan,4837.0,X
Total population,Uzbekistan,23640.489,X
Rural population,Uzbekistan,13118.106,X
Urban population,Uzbekistan,10597.384,X
Gross Domestic Product (GDP),Uzbekistan,18641128673.0,X
GDP per capita,Uzbekistan,786.031774,X
"Agriculture, value added (% GDP)",Uzbekistan,44.829373,X
Total area of the country (excl. coastal water),Vanuatu,1219.0,X
Cultivated area (arable land + permanent crops),Vanuatu,128.0,X
Total population,Vanuatu,174.921,X
Rural population,Vanuatu,138.658,X
Urban population,Vanuatu,36.341,X
Gross Domestic Product (GDP),Vanuatu,285287900.0,X
GDP per capita,Vanuatu,1630.225889,X
"Agriculture, value added (% GDP)",Vanuatu,29.264006,X
Total area of the country (excl. coastal water),Venezuela (Bolivarian Republic of),91205.0,X
Cultivated area (arable land + permanent crops),Venezuela (Bolivarian Republic of),3396.0,X
Total population,Venezuela (Bolivarian Republic of),22837.743,X
Rural population,Venezuela (Bolivarian Republic of),3085.137,X
Urban population,Venezuela (Bolivarian Republic of),20025.041,X
Gross Domestic Product (GDP),Venezuela (Bolivarian Republic of),85837778839.0,X
GDP per capita,Venezuela (Bolivarian Republic of),3714.284626,X
"Agriculture, value added (% GDP)",Venezuela (Bolivarian Republic of),4.495484,X
Total area of the country (excl. coastal water),Viet Nam,33111.0,X
Cultivated area (arable land + permanent crops),Viet Nam,7202.0,X
Total population,Viet Nam,77133.214,X
Rural population,Viet Nam,59666.524,X
Urban population,Viet Nam,17786.811,X
Gross Domestic Product (GDP),Viet Nam,26843623395.0,X
GDP per capita,Viet Nam,346.578019,X
"Agriculture, value added (% GDP)",Viet Nam,25.83292,X
Total area of the country (excl. coastal water),Yemen,52797.0,X
Cultivated area (arable land + permanent crops),Yemen,1720.0,X
Total population,Yemen,15975.668,X
Rural population,Yemen,12348.958,X
Urban population,Yemen,4059.996,X
Gross Domestic Product (GDP),Yemen,7796848613.0,X
GDP per capita,Yemen,475.158174,X
"Agriculture, value added (% GDP)",Yemen,13.798861,X
Total area of the country (excl. coastal water),Zambia,75261.0,X
Cultivated area (arable land + permanent crops),Zambia,2836.0,X
Total population,Zambia,9597.609,X
Rural population,Zambia,6169.59,X
Urban population,Zambia,3496.988,X
Gross Domestic Product (GDP),Zambia,4303317427.0,X
GDP per capita,Zambia,445.174852,X
"Agriculture, value added (% GDP)",Zambia,13.98165,X
Total area of the country (excl. coastal water),Zimbabwe,39076.0,X
Cultivated area (arable land + permanent crops),Zimbabwe,3600.0,X
Total population,Zimbabwe,11653.242,X
Rural population,Zimbabwe,7900.229,X
Urban population,Zimbabwe,3809.768,X
Gross Domestic Product (GDP),Zimbabwe,13854127988.0,X
GDP per capita,Zimbabwe,1183.102608,X
"Agriculture, value added (% GDP)",Zimbabwe,16.73252,X
